year,name,alpha3,pop
1990,Burundi,BDI,5415.415
1990,Comoros,COM,411.594
1990,Djibouti,DJI,590.398
1990,Eritrea,ERI,3113.311
1990,Ethiopia,ETH,48086.516
1990,Kenya,KEN,23402.507
1990,Madagascar,MDG,11598.633
1990,Malawi,MWI,9437.553
1990,Mauritius,MUS,1055.868
1990,Mayotte,MYT,94.784
1990,Mozambique,MOZ,13247.649
1990,Reunion,REU,610.582
1990,Rwanda,RWA,7235.798
1990,Seychelles,SYC,70.624
1990,Somalia,SOM,7397.347
1990,South Sudan,SSD,5768.481
1990,Uganda,UGA,17438.907
1990,United Republic of Tanzania,TZA,25459.604
1990,Zambia,ZMB,8027.253
1990,Zimbabwe,ZWE,10183.113
1990,Angola,AGO,12171.441
1990,Cameroon,CMR,11715.218
1990,Central African Republic,CAF,2939.78
1990,Chad,TCD,5956.859
1990,Congo,COG,2440.457
1990,The Democratic Republic of the Congo,COD,34614.581
1990,Equatorial Guinea,GNQ,426.846
1990,Gabon,GAB,952.212
1990,Sao Tome and Principe,STP,113.893
1990,Algeria,DZA,25912.367
1990,Egypt,EGY,57412.215
1990,Libya,LBY,4436.661
1990,Morocco,MAR,24879.136
1990,Sudan,SDN,20147.59
1990,Tunisia,TUN,8232.797
1990,Western Sahara,ESH,217.258
1990,Botswana,BWA,1377.912
1990,Lesotho,LSO,1603.938
1990,Namibia,NAM,1414.692
1990,South Africa,ZAF,37560.525
1990,Swaziland,SWZ,861.373
1990,Benin,BEN,4978.496
1990,Burkina Faso,BFA,8811.034
1990,Cabo Verde,CPV,341.883
1990,Cote d'Ivoire,CIV,12267.754
1990,Gambia,GMB,916.808
1990,Ghana,GHA,14628.26
1990,Guinea,GIN,6041.094
1990,Guinea-Bissau,GNB,1012.28
1990,Liberia,LBR,2097.232
1990,Mali,MLI,8465.188
1990,Mauritania,MRT,2030.14
1990,Niger,NER,8012.861
1990,Nigeria,NGA,95269.988
1990,Saint Helena,SHN,5.535
1990,Senegal,SEN,7555.617
1990,Sierra Leone,SLE,4312.246
1990,Togo,TGO,3786.94
1990,China,CHN,1192756.898
1990,"China, Hong Kong SAR",HKG,5781.459
1990,"China, Macao SAR",MAC,343.935
1990,Dem. People's Republic of Korea,PRK,20293.054
1990,Japan,JPN,124515.561
1990,Mongolia,MNG,2184.145
1990,Republic of Korea,KOR,42923.131
1990,Kazakhstan,KAZ,16540.258
1990,Kyrgyzstan,KGZ,4372.89
1990,Tajikistan,TJK,5283.728
1990,Turkmenistan,TKM,3683.966
1990,Uzbekistan,UZB,20462.463
1990,Afghanistan,AFG,12249.114
1990,Bangladesh,BGD,106188.642
1990,Bhutan,BTN,537.28
1990,India,IND,870133.48
1990,Islamic Republic of Iran,IRN,56226.185
1990,Maldives,MDV,223.215
1990,Nepal,NPL,18749.406
1990,Pakistan,PAK,107678.614
1990,Sri Lanka,LKA,17329.713
1990,Brunei Darussalam,BRN,258.785
1990,Cambodia,KHM,8973.342
1990,Indonesia,IDN,181436.821
1990,Lao People's Democratic Republic,LAO,4258.472
1990,Malaysia,MYS,18038.321
1990,Myanmar,MMR,40626.25
1990,Philippines,PHL,61947.348
1990,Singapore,SGP,3012.953
1990,Thailand,THA,56582.821
1990,Timor-Leste,TLS,751.933
1990,Viet Nam,VNM,68209.605
1990,Armenia,ARM,3538.165
1990,Azerbaijan,AZE,7242.77
1990,Bahrain,BHR,495.931
1990,Cyprus,CYP,766.614
1990,Georgia,GEO,5410.372
1990,Iraq,IRQ,17469.005
1990,Israel,ISR,4500.475
1990,Jordan,JOR,3560.582
1990,Kuwait,KWT,2099.615
1990,Lebanon,LBN,2703.016
1990,Oman,OMN,1812.16
1990,Qatar,QAT,476.445
1990,Saudi Arabia,SAU,16326.815
1990,State of Palestine,PSE,2100.883
1990,Syrian Arab Republic,SYR,12446.171
1990,Turkey,TUR,53921.699
1990,United Arab Emirates,ARE,1860.174
1990,Yemen,YEM,12057.039
1990,Belarus,BLR,10216.846
1990,Bulgaria,BGR,8841.371
1990,Czech Republic,CZE,10341.169
1990,Hungary,HUN,10377.651
1990,Poland,POL,37954.553
1990,Republic of Moldova,MDA,4364.116
1990,Romania,ROU,23489.373
1990,Russian Federation,RUS,147564.066
1990,Slovakia,SVK,5288.454
1990,Ukraine,UKR,51464.348
1990,Channel Islands,CHI,140.671
1990,Denmark,DNK,5141.115
1990,Estonia,EST,1565.242
1990,Faeroe Islands,FRO,47.594
1990,Finland,FIN,4996.222
1990,Iceland,ISL,255.043
1990,Ireland,IRL,3569.257
1990,Isle of Man,IMN,68.429
1990,Latvia,LVA,2664.432
1990,Lithuania,LTU,3696.034
1990,Norway,NOR,4247.285
1990,Sweden,SWE,8567.384
1990,United Kingdom,GBR,57183.331
1990,Albania,ALB,3281.454
1990,Andorra,AND,54.509
1990,Bosnia and Herzegovina,BIH,4463.422
1990,Croatia,HRV,4776.372
1990,Gibraltar,GIB,29.164
1990,Greece,GRC,10248.537
1990,Holy See,VAT,0.768
1990,Italy,ITA,57127.12
1990,Malta,MLT,364.431
1990,Montenegro,MNE,615.002
1990,Portugal,PRT,9953.327
1990,San Marino,SMR,24.043
1990,Serbia,SRB,9517.674
1990,Slovenia,SVN,2006.479
1990,Spain,ESP,39306.102
1990,TFYR Macedonia,MKD,1996.228
1990,Austria,AUT,7723.949
1990,Belgium,BEL,10006.544
1990,France,FRA,56960.835
1990,Germany,DEU,79118.326
1990,Liechtenstein,LIE,28.747
1990,Luxembourg,LUX,381.791
1990,Monaco,MCO,29.439
1990,Netherlands,NLD,14965.448
1990,Switzerland,CHE,6674.89
1990,Anguilla,AIA,8.334
1990,Antigua and Barbuda,ATG,66.696
1990,Aruba,ABW,62.149
1990,Bahamas,BHS,256.336
1990,Barbados,BRB,260.374
1990,British Virgin Islands,VGB,16.461
1990,Caribbean Netherlands,BES,13.019
1990,Cayman Islands,CYM,25.01
1990,Cuba,CUB,10582.081
1990,Curacao,CUW,146.671
1990,Dominica,DMA,70.926
1990,Dominican Republic,DOM,7183.647
1990,Grenada,GRD,96.283
1990,Guadeloupe,GLP,385.878
1990,Haiti,HTI,7099.732
1990,Jamaica,JAM,2424.242
1990,Martinique,MTQ,358.449
1990,Montserrat,MSR,10.73
1990,Puerto Rico,PRI,3517.975
1990,Saint Kitts and Nevis,KNA,40.834
1990,Saint Lucia,LCA,138.185
1990,Saint Vincent and the Grenadines,VCT,107.505
1990,Sint Maarten (Dutch part),SXM,28.549
1990,Trinidad and Tobago,TTO,1221.9
1990,Turks and Caicos Islands,TCA,11.552
1990,United States Virgin Islands,VIR,103.756
1990,Belize,BLZ,187.552
1990,Costa Rica,CRI,3095.995
1990,El Salvador,SLV,5254.984
1990,Guatemala,GTM,9263.813
1990,Honduras,HND,4955.328
1990,Mexico,MEX,85357.874
1990,Nicaragua,NIC,4144.565
1990,Panama,PAN,2471.009
1990,Argentina,ARG,32729.739
1990,Plurinational State of Bolivia,BOL,6856.244
1990,Brazil,BRA,149352.145
1990,Chile,CHL,13242.132
1990,Colombia,COL,34271.565
1990,Ecuador,ECU,10218.091
1990,Falkland Islands (Malvinas),FLK,1.989
1990,French Guiana,GUF,115.784
1990,Guyana,GUY,743.309
1990,Paraguay,PRY,4213.742
1990,Peru,PER,21826.658
1990,Suriname,SUR,407.472
1990,Uruguay,URY,3109.989
1990,Bolivarian Republic of Venezuela,VEN,19861.956
1990,Bermuda,BMU,60.93
1990,Canada,CAN,27692.68
1990,Greenland,GRL,55.604
1990,Saint Pierre and Miquelon,SPM,6.276
1990,United States of America,USA,252529.95
1990,Australia,AUS,17041.431
1990,New Zealand,NZL,3398.172
1990,Fiji,FJI,728.628
1990,New Caledonia,NCL,169.787
1990,Papua New Guinea,PNG,4313.059
1990,Solomon Islands,SLB,311.84
1990,Vanuatu,VUT,146.634
1990,Guam,GUM,130.482
1990,Kiribati,KIR,72.412
1990,Marshall Islands,MHL,47.298
1990,Micronesia (Fed. States of),FSM,96.331
1990,Nauru,NRU,9.155
1990,Northern Mariana Islands,MNP,42.538
1990,Palau,PLW,15.088
1990,American Samoa,ASM,47.038
1990,Cook Islands,COK,18.356
1990,French Polynesia,PYF,198.375
1990,Niue,NIU,2.329
1990,Samoa,WSM,162.866
1990,Tokelau,TKL,1.608
1990,Tonga,TON,95.153
1990,Tuvalu,TUV,9.003
1990,Wallis and Futuna Islands,WLF,13.878
1995,Burundi,BDI,5962.058
1995,Comoros,COM,475.394
1995,Djibouti,DJI,630.388
1995,Eritrea,ERI,3090.159
1995,Ethiopia,ETH,57309.88
1995,Kenya,KEN,27346.456
1995,Madagascar,MDG,13475.4
1995,Malawi,MWI,9909.088
1995,Mauritius,MUS,1128.673
1995,Mayotte,MYT,123.181
1995,Mozambique,MOZ,15759.132
1995,Reunion,REU,673.541
1995,Rwanda,RWA,5928.078
1995,Seychelles,SYC,76.703
1995,Somalia,SOM,7704.894
1995,South Sudan,SSD,5459.519
1995,Uganda,UGA,20550.291
1995,United Republic of Tanzania,TZA,29960.776
1995,Zambia,ZMB,9137.077
1995,Zimbabwe,ZWE,11320.346
1995,Angola,AGO,14268.994
1995,Cameroon,CMR,13460.994
1995,Central African Republic,CAF,3352.767
1995,Chad,TCD,7000.722
1995,Congo,COG,2799.255
1995,Democratic Republic of the Congo,COD,41595.744
1995,Equatorial Guinea,GNQ,504.871
1995,Gabon,GAB,1086.137
1995,Sao Tome and Principe,STP,126.454
1995,Algeria,DZA,28904.298
1995,Egypt,EGY,63714.386
1995,Libya,LBY,4948.798
1995,Morocco,MAR,27075.232
1995,Sudan,SDN,24102.986
1995,Tunisia,TUN,9113.975
1995,Western Sahara,ESH,255.634
1995,Botswana,BWA,1569.094
1995,Lesotho,LSO,1761.359
1995,Namibia,NAM,1655.359
1995,South Africa,ZAF,42088.165
1995,Swaziland,SWZ,960.792
1995,Benin,BEN,5905.558
1995,Burkina Faso,BFA,10089.878
1995,Cabo Verde,CPV,389.127
1995,Cote d'Ivoire,CIV,14540.82
1995,Gambia,GMB,1066.223
1995,Ghana,GHA,16760.467
1995,Guinea,GIN,7871.173
1995,Guinea-Bissau,GNB,1137.122
1995,Liberia,LBR,2073.482
1995,Mali,MLI,9604.45
1995,Mauritania,MRT,2327.075
1995,Niger,NER,9477.333
1995,Nigeria,NGA,108011.465
1995,Saint Helena,SHN,5.289
1995,Senegal,SEN,8746.606
1995,Sierra Leone,SLE,4274.819
1995,Togo,TGO,4274.024
1995,China,CHN,1261168.516
1995,"China, Hong Kong SAR",HKG,6140.101
1995,"China, Macao SAR",MAC,385.686
1995,Dem. People's Republic of Korea,PRK,21862.299
1995,Japan,JPN,126375.466
1995,Mongolia,MNG,2298.039
1995,Republic of Korea,KOR,45298.611
1995,Kazakhstan,KAZ,16034.956
1995,Kyrgyzstan,KGZ,4566.087
1995,Tajikistan,TJK,5764.712
1995,Turkmenistan,TKM,4207.84
1995,Uzbekistan,UZB,22863.264
1995,Afghanistan,AFG,17099.541
1995,Bangladesh,BGD,118706.871
1995,Bhutan,BTN,514.877
1995,India,IND,960482.795
1995,Islamic Republic of Iran,IRN,60575.644
1995,Maldives,MDV,254.082
1995,Nepal,NPL,21396.384
1995,Pakistan,PAK,122829.148
1995,Sri Lanka,LKA,18247.121
1995,Brunei Darussalam,BRN,297.192
1995,Cambodia,KHM,10653.558
1995,Indonesia,IDN,196957.849
1995,Lao People's Democratic Republic,LAO,4851.923
1995,Malaysia,MYS,20495.597
1995,Myanmar,MMR,43237.792
1995,Philippines,PHL,69835.715
1995,Singapore,SGP,3478.779
1995,Thailand,THA,59491.79
1995,Timor-Leste,TLS,871.447
1995,Viet Nam,VNM,75198.977
1995,Armenia,ARM,3217.342
1995,Azerbaijan,AZE,7775.426
1995,Bahrain,BHR,563.699
1995,Cyprus,CYP,855.384
1995,Georgia,GEO,5020.061
1995,Iraq,IRQ,20208.387
1995,Israel,ISR,5333.719
1995,Jordan,JOR,4572.904
1995,Kuwait,KWT,1610.651
1995,Lebanon,LBN,3033.394
1995,Oman,OMN,2204.283
1995,Qatar,QAT,513.455
1995,Saudi Arabia,SAU,18735.841
1995,State of Palestine,PSE,2617.702
1995,Syrian Arab Republic,SYR,14345.492
1995,Turkey,TUR,58486.381
1995,United Arab Emirates,ARE,2448.82
1995,Yemen,YEM,15320.653
1995,Belarus,BLR,10142.308
1995,Bulgaria,BGR,8379.18
1995,Czech Republic,CZE,10358.456
1995,Hungary,HUN,10349.838
1995,Poland,POL,38452.632
1995,Republic of Moldova,MDA,4339.082
1995,Romania,ROU,22965.111
1995,Russian Federation,RUS,148288.839
1995,Slovakia,SVK,5375.47
1995,Ukraine,UKR,50905.677
1995,Channel Islands,CHI,144.046
1995,Denmark,DNK,5232.704
1995,Estonia,EST,1433.024
1995,Faeroe Islands,FRO,46.04
1995,Finland,FIN,5119.005
1995,Iceland,ISL,267.629
1995,Ireland,IRL,3651.545
1995,Isle of Man,IMN,70.07
1995,Latvia,LVA,2508.473
1995,Lithuania,LTU,3626.602
1995,Norway,NOR,4366.995
1995,Sweden,SWE,8836.42
1995,United Kingdom,GBR,57978.321
1995,Albania,ALB,3106.736
1995,Andorra,AND,63.85
1995,Bosnia and Herzegovina,BIH,3843.712
1995,Croatia,HRV,4616.763
1995,Gibraltar,GIB,30.147
1995,Greece,GRC,10789.375
1995,Holy See,VAT,0.78
1995,Italy,ITA,57255.193
1995,Malta,MLT,380.305
1995,Montenegro,MNE,620.414
1995,Portugal,PRT,10149.735
1995,San Marino,SMR,25.877
1995,Serbia,SRB,9884.147
1995,Slovenia,SVN,1991.472
1995,Spain,ESP,39890.498
1995,TFYR Macedonia,MKD,1983.252
1995,Austria,AUT,7990.121
1995,Belgium,BEL,10186.305
1995,France,FRA,58241.791
1995,Germany,DEU,81240.604
1995,Liechtenstein,LIE,30.833
1995,Luxembourg,LUX,408.149
1995,Monaco,MCO,30.691
1995,Netherlands,NLD,15467.851
1995,Switzerland,CHE,7018.525
1995,Anguilla,AIA,9.802
1995,Antigua and Barbuda,ATG,73.619
1995,Aruba,ABW,80.324
1995,Bahamas,BHS,280.15
1995,Barbados,BRB,264.959
1995,British Virgin Islands,VGB,18.427
1995,Caribbean Netherlands,BES,15.107
1995,Cayman Islands,CYM,31.672
1995,Cuba,CUB,10906.043
1995,Curacao,CUW,143.884
1995,Dominica,DMA,71.368
1995,Dominican Republic,DOM,7892.423
1995,Grenada,GRD,100.255
1995,Guadeloupe,GLP,402.937
1995,Haiti,HTI,7819.806
1995,Jamaica,JAM,2537.44
1995,Martinique,MTQ,368.732
1995,Montserrat,MSR,10.233
1995,Puerto Rico,PRI,3689.641
1995,Saint Kitts and Nevis,KNA,42.891
1995,Saint Lucia,LCA,147.044
1995,Saint Vincent and the Grenadines,VCT,108.122
1995,Sint Maarten (Dutch part),SXM,30.633
1995,Trinidad and Tobago,TTO,1255.001
1995,Turks and Caicos Islands,TCA,15.332
1995,United States Virgin Islands,VIR,107.392
1995,Belize,BLZ,206.963
1995,Costa Rica,CRI,3510.926
1995,El Salvador,SLV,5611.115
1995,Guatemala,GTM,10408.489
1995,Honduras,HND,5709.051
1995,Mexico,MEX,94045.579
1995,Nicaragua,NIC,4612.228
1995,Panama,PAN,2739.73
1995,Argentina,ARG,34994.814
1995,Plurinational State of Bolivia,BOL,7566.714
1995,Brazil,BRA,162296.612
1995,Chile,CHL,14296.613
1995,Colombia,COL,37441.977
1995,Ecuador,ECU,11440.583
1995,Falkland Islands (Malvinas),FLK,2.435
1995,French Guiana,GUF,137.4
1995,Guyana,GUY,761.291
1995,Paraguay,PRY,4760.85
1995,Peru,PER,24038.76
1995,Suriname,SUR,443.724
1995,Uruguay,URY,3224.804
1995,Bolivarian Republic of Venezuela,VEN,22188.667
1995,Bermuda,BMU,62.696
1995,Canada,CAN,29330.073
1995,Greenland,GRL,55.811
1995,Saint Pierre and Miquelon,SPM,6.304
1995,United States of America,USA,265658.849
1995,Australia,AUS,18076.743
1995,New Zealand,NZL,3674.936
1995,Fiji,FJI,775.498
1995,New Caledonia,NCL,190.732
1995,Papua New Guinea,PNG,4894.276
1995,Solomon Islands,SLB,359.225
1995,Vanuatu,VUT,168.235
1995,Guam,GUM,145.561
1995,Kiribati,KIR,77.73
1995,Marshall Islands,MHL,51.015
1995,Micronesia (Fed. States of),FSM,107.556
1995,Nauru,NRU,9.969
1995,Northern Mariana Islands,MNP,56.278
1995,Palau,PLW,17.253
1995,American Samoa,ASM,52.868
1995,Cook Islands,COK,18.956
1995,French Polynesia,PYF,215.196
1995,Niue,NIU,2.165
1995,Samoa,WSM,170.157
1995,Tokelau,TKL,1.517
1995,Tonga,TON,96.076
1995,Tuvalu,TUV,9.23
1995,Wallis and Futuna Islands,WLF,14.142
2000,Burundi,BDI,6400.706
2000,Comoros,COM,542.357
2000,Djibouti,DJI,717.584
2000,Eritrea,ERI,3392.801
2000,Ethiopia,ETH,66537.331
2000,Kenya,KEN,31450.483
2000,Madagascar,MDG,15766.806
2000,Malawi,MWI,11376.172
2000,Mauritius,MUS,1185.145
2000,Mayotte,MYT,150.331
2000,Mozambique,MOZ,18067.687
2000,Reunion,REU,736.71
2000,Rwanda,RWA,8025.703
2000,Seychelles,SYC,81.151
2000,Somalia,SOM,9011.479
2000,South Sudan,SSD,6700.656
2000,Uganda,UGA,24039.274
2000,United Republic of Tanzania,TZA,34178.042
2000,Zambia,ZMB,10531.221
2000,Zimbabwe,ZWE,12222.251
2000,Angola,AGO,16440.924
2000,Cameroon,CMR,15274.234
2000,Central African Republic,CAF,3754.986
2000,Chad,TCD,8342.559
2000,Congo,COG,3225.727
2000,Democratic Republic of the Congo,COD,47076.387
2000,Equatorial Guinea,GNQ,614.323
2000,Gabon,GAB,1231.122
2000,Sao Tome and Principe,STP,138.606
2000,Algeria,DZA,31183.66
2000,Egypt,EGY,69905.988
2000,Libya,LBY,5355.751
2000,Morocco,MAR,28849.621
2000,Sudan,SDN,27250.535
2000,Tunisia,TUN,9699.197
2000,Western Sahara,ESH,314.118
2000,Botswana,BWA,1728.34
2000,Lesotho,LSO,1868.699
2000,Namibia,NAM,1899.257
2000,South Africa,ZAF,45728.315
2000,Swaziland,SWZ,1061.468
2000,Benin,BEN,6865.951
2000,Burkina Faso,BFA,11607.942
2000,Cabo Verde,CPV,435.079
2000,Cote d'Ivoire,CIV,16686.561
2000,Gambia,GMB,1231.844
2000,Ghana,GHA,18938.762
2000,Guinea,GIN,8808.546
2000,Guinea-Bissau,GNB,1243.229
2000,Liberia,LBR,2884.522
2000,Mali,MLI,10967.69
2000,Mauritania,MRT,2709.359
2000,Niger,NER,11352.973
2000,Nigeria,NGA,122352.009
2000,Saint Helena,SHN,5.114
2000,Senegal,SEN,9884.052
2000,Sierra Leone,SLE,4564.297
2000,Togo,TGO,4970.367
2000,China,CHN,1305039.205
2000,"China, Hong Kong SAR",HKG,6663.654
2000,"China, Macao SAR",MAC,427.979
2000,Dem. People's Republic of Korea,PRK,22929.075
2000,Japan,JPN,127533.934
2000,Mongolia,MNG,2397.436
2000,Republic of Korea,KOR,47386.312
2000,Kazakhstan,KAZ,15057.363
2000,Kyrgyzstan,KGZ,4920.718
2000,Tajikistan,TJK,6216.205
2000,Turkmenistan,TKM,4516.131
2000,Uzbekistan,UZB,24848.92
2000,Afghanistan,AFG,20093.756
2000,Bangladesh,BGD,131581.243
2000,Bhutan,BTN,573.416
2000,India,IND,1053050.912
2000,Islamic Republic of Iran,IRN,66131.854
2000,Maldives,MDV,280.384
2000,Nepal,NPL,23740.911
2000,Pakistan,PAK,138523.285
2000,Sri Lanka,LKA,18781.938
2000,Brunei Darussalam,BRN,333.241
2000,Cambodia,KHM,12152.354
2000,Indonesia,IDN,211540.429
2000,Lao People's Democratic Republic,LAO,5329.304
2000,Malaysia,MYS,23185.608
2000,Myanmar,MMR,46095.462
2000,Philippines,PHL,77991.569
2000,Singapore,SGP,3913.96
2000,Thailand,THA,62958.021
2000,Timor-Leste,TLS,871.607
2000,Viet Nam,VNM,80285.562
2000,Armenia,ARM,3069.588
2000,Azerbaijan,AZE,8122.741
2000,Bahrain,BHR,664.614
2000,Cyprus,CYP,943.286
2000,Georgia,GEO,4722.059
2000,Iraq,IRQ,23565.413
2000,Israel,ISR,6013.741
2000,Jordan,JOR,5103.13
2000,Kuwait,KWT,2050.741
2000,Lebanon,LBN,3235.366
2000,Oman,OMN,2267.991
2000,Qatar,QAT,592.267
2000,Saudi Arabia,SAU,20764.312
2000,State of Palestine,PSE,3223.009
2000,Syrian Arab Republic,SYR,16410.848
2000,Turkey,TUR,63240.121
2000,United Arab Emirates,ARE,3154.925
2000,Yemen,YEM,17874.725
2000,Belarus,BLR,9933.609
2000,Bulgaria,BGR,7997.787
2000,Czech Republic,CZE,10289.594
2000,Hungary,HUN,10221.051
2000,Poland,POL,38550.495
2000,Republic of Moldova,MDA,4201.089
2000,Romania,ROU,22128.128
2000,Russian Federation,RUS,146396.514
2000,Slovakia,SVK,5399.211
2000,Ukraine,UKR,48840.074
2000,Channel Islands,CHI,148.725
2000,Denmark,DNK,5341.194
2000,Estonia,EST,1399.112
2000,Faeroe Islands,FRO,47.258
2000,Finland,FIN,5187.954
2000,Iceland,ISL,280.435
2000,Ireland,IRL,3848.776
2000,Isle of Man,IMN,72.554
2000,Latvia,LVA,2384.163
2000,Lithuania,LTU,3501.835
2000,Norway,NOR,4499.367
2000,Sweden,SWE,8881.64
2000,United Kingdom,GBR,58950.848
2000,Albania,ALB,3121.97
2000,Andorra,AND,65.39
2000,Bosnia and Herzegovina,BIH,3766.706
2000,Croatia,HRV,4428.072
2000,Gibraltar,GIB,31.18
2000,Greece,GRC,11142.119
2000,Holy See,VAT,0.785
2000,Italy,ITA,57293.721
2000,Malta,MLT,396.668
2000,Montenegro,MNE,613.56
2000,Portugal,PRT,10355.117
2000,San Marino,SMR,27.418
2000,Serbia,SRB,9487.615
2000,Slovenia,SVN,1988.499
2000,Spain,ESP,40903.711
2000,TFYR Macedonia,MKD,2034.819
2000,Austria,AUT,8069.276
2000,Belgium,BEL,10282.033
2000,France,FRA,59608.201
2000,Germany,DEU,81487.757
2000,Liechtenstein,LIE,33.286
2000,Luxembourg,LUX,436.103
2000,Monaco,MCO,32.082
2000,Netherlands,NLD,15926.188
2000,Switzerland,CHE,7167.25
2000,Anguilla,AIA,11.07
2000,Antigua and Barbuda,ATG,83.584
2000,Aruba,ABW,90.853
2000,Bahamas,BHS,297.89
2000,Barbados,BRB,269.847
2000,British Virgin Islands,VGB,20.645
2000,Caribbean Netherlands,BES,14.393
2000,Cayman Islands,CYM,41.687
2000,Cuba,CUB,11150.736
2000,Curacao,CUW,132.099
2000,Dominica,DMA,69.676
2000,Dominican Republic,DOM,8562.622
2000,Grenada,GRD,101.619
2000,Guadeloupe,GLP,424.646
2000,Haiti,HTI,8549.2
2000,Jamaica,JAM,2656.864
2000,Martinique,MTQ,387.004
2000,Montserrat,MSR,4.955
2000,Puerto Rico,PRI,3796.977
2000,Saint Kitts and Nevis,KNA,45.374
2000,Saint Lucia,LCA,156.949
2000,Saint Vincent and the Grenadines,VCT,107.898
2000,Sint Maarten (Dutch part),SXM,31.819
2000,Trinidad and Tobago,TTO,1267.984
2000,Turks and Caicos Islands,TCA,18.873
2000,United States Virgin Islands,VIR,108.722
2000,Belize,BLZ,247.315
2000,Costa Rica,CRI,3925.443
2000,El Salvador,SLV,5867.626
2000,Guatemala,GTM,11650.743
2000,Honduras,HND,6524.283
2000,Mexico,MEX,101719.673
2000,Nicaragua,NIC,5026.796
2000,Panama,PAN,3030.347
2000,Argentina,ARG,37057.452
2000,Plurinational State of Bolivia,BOL,8339.512
2000,Brazil,BRA,175287.587
2000,Chile,CHL,15262.754
2000,Colombia,COL,40403.958
2000,Ecuador,ECU,12628.596
2000,Falkland Islands (Malvinas),FLK,2.882
2000,French Guiana,GUF,163.165
2000,Guyana,GUY,753.301
2000,Paraguay,PRY,5302.7
2000,Peru,PER,25914.879
2000,Suriname,SUR,472.39
2000,Uruguay,URY,3321.245
2000,Bolivarian Republic of Venezuela,VEN,24488.34
2000,Bermuda,BMU,64.028
2000,Canada,CAN,30735.773
2000,Greenland,GRL,56.175
2000,Saint Pierre and Miquelon,SPM,6.272
2000,United States of America,USA,281982.778
2000,Australia,AUS,19065.837
2000,New Zealand,NZL,3858.999
2000,Fiji,FJI,811.223
2000,New Caledonia,NCL,212.871
2000,Papua New Guinea,PNG,5572.222
2000,Solomon Islands,SLB,412.609
2000,Vanuatu,VUT,185.063
2000,Guam,GUM,155.329
2000,Kiribati,KIR,84.406
2000,Marshall Islands,MHL,52.159
2000,Micronesia (Fed. States of),FSM,107.432
2000,Nauru,NRU,10.037
2000,Northern Mariana Islands,MNP,69.094
2000,Palau,PLW,19.175
2000,American Samoa,ASM,57.521
2000,Cook Islands,COK,18.122
2000,French Polynesia,PYF,237.258
2000,Niue,NIU,1.899
2000,Samoa,WSM,174.61
2000,Tokelau,TKL,1.554
2000,Tonga,TON,98.082
2000,Tuvalu,TUV,9.42
2000,Wallis and Futuna Islands,WLF,14.5
2005,Burundi,BDI,7423.289
2005,Comoros,COM,611.627
2005,Djibouti,DJI,783.254
2005,Eritrea,ERI,3969.007
2005,Ethiopia,ETH,76727.083
2005,Kenya,KEN,36048.288
2005,Madagascar,MDG,18336.724
2005,Malawi,MWI,13039.711
2005,Mauritius,MUS,1222.003
2005,Mayotte,MYT,178.098
2005,Mozambique,MOZ,20923.07
2005,Reunion,REU,791.598
2005,Rwanda,RWA,8991.735
2005,Seychelles,SYC,88.744
2005,Somalia,SOM,10409.925
2005,South Sudan,SSD,8108.877
2005,Uganda,UGA,28543.94
2005,United Republic of Tanzania,TZA,39410.545
2005,Zambia,ZMB,12052.156
2005,Zimbabwe,ZWE,12940.032
2005,Angola,AGO,19552.542
2005,Cameroon,CMR,17420.795
2005,Central African Republic,CAF,4127.91
2005,Chad,TCD,10067.009
2005,Congo,COG,3718.243
2005,Democratic Republic of the Congo,COD,54751.476
2005,Equatorial Guinea,GNQ,757.317
2005,Gabon,GAB,1403.126
2005,Sao Tome and Principe,STP,155.63
2005,Algeria,DZA,33288.437
2005,Egypt,EGY,76778.149
2005,Libya,LBY,5792.688
2005,Morocco,MAR,30521.07
2005,Sudan,SDN,30911.914
2005,Tunisia,TUN,10102.482
2005,Western Sahara,ESH,437.515
2005,Botswana,BWA,1855.852
2005,Lesotho,LSO,1949.543
2005,Namibia,NAM,2032.196
2005,South Africa,ZAF,48820.586
2005,Swaziland,SWZ,1105.873
2005,Benin,BEN,7982.225
2005,Burkina Faso,BFA,13421.93
2005,Cabo Verde,CPV,474.567
2005,Cote d'Ivoire,CIV,18336.303
2005,Gambia,GMB,1444.204
2005,Ghana,GHA,21542.009
2005,Guinea,GIN,9679.745
2005,Guinea-Bissau,GNB,1380.838
2005,Liberia,LBR,3261.23
2005,Mali,MLI,12798.763
2005,Mauritania,MRT,3130.72
2005,Niger,NER,13618.449
2005,Nigeria,NGA,138939.478
2005,Saint Helena,SHN,4.275
2005,Senegal,SEN,11251.266
2005,Sierra Leone,SLE,5658.379
2005,Togo,TGO,5683.268
2005,China,CHN,1344226.376
2005,"China, Hong Kong SAR",HKG,6827.761
2005,"China, Macao SAR",MAC,482.559
2005,Dem. People's Republic of Korea,PRK,23904.167
2005,Japan,JPN,128335.767
2005,Mongolia,MNG,2526.446
2005,Republic of Korea,KOR,48708.497
2005,Kazakhstan,KAZ,15541.457
2005,Kyrgyzstan,KGZ,5075.38
2005,Tajikistan,TJK,6854.176
2005,Turkmenistan,TKM,4754.641
2005,Uzbekistan,UZB,26512.184
2005,Afghanistan,AFG,25070.798
2005,Bangladesh,BGD,143431.101
2005,Bhutan,BTN,656.639
2005,India,IND,1144118.674
2005,Islamic Republic of Iran,IRN,70421.811
2005,Maldives,MDV,318.836
2005,Nepal,NPL,25640.287
2005,Pakistan,PAK,153909.667
2005,Sri Lanka,LKA,19524.558
2005,Brunei Darussalam,BRN,365.158
2005,Cambodia,KHM,13270.201
2005,Indonesia,IDN,226712.73
2005,Lao People's Democratic Republic,LAO,5754.026
2005,Malaysia,MYS,25659.393
2005,Myanmar,MMR,48482.614
2005,Philippines,PHL,86274.237
2005,Singapore,SGP,4491.042
2005,Thailand,THA,65425.47
2005,Timor-Leste,TLS,1026.484
2005,Viet Nam,VNM,84308.843
2005,Armenia,ARM,2981.259
2005,Azerbaijan,AZE,8538.606
2005,Bahrain,BHR,889.168
2005,Cyprus,CYP,1027.658
2005,Georgia,GEO,4486.547
2005,Iraq,IRQ,27008.426
2005,Israel,ISR,6602.97
2005,Jordan,JOR,5714.111
2005,Kuwait,KWT,2276.623
2005,Lebanon,LBN,3986.852
2005,Oman,OMN,2511.269
2005,Qatar,QAT,864.863
2005,Saudi Arabia,SAU,23905.654
2005,State of Palestine,PSE,3576.17
2005,Syrian Arab Republic,SYR,18294.611
2005,Turkey,TUR,67903.406
2005,United Arab Emirates,ARE,4579.562
2005,Yemen,YEM,20582.927
2005,Belarus,BLR,9621.543
2005,Bulgaria,BGR,7683.763
2005,Czech Republic,CZE,10258.176
2005,Hungary,HUN,10086.465
2005,Poland,POL,38362.666
2005,Republic of Moldova,MDA,4157.699
2005,Romania,ROU,21431.018
2005,Russian Federation,RUS,143618.185
2005,Slovakia,SVK,5398.963
2005,Ukraine,UKR,46892.163
2005,Channel Islands,CHI,154.294
2005,Denmark,DNK,5421.702
2005,Estonia,EST,1355.648
2005,Faeroe Islands,FRO,48.285
2005,Finland,FIN,5258.927
2005,Iceland,ISL,294.979
2005,Ireland,IRL,4212.977
2005,Isle of Man,IMN,76.118
2005,Latvia,LVA,2251.983
2005,Lithuania,LTU,3344.252
2005,Norway,NOR,4632.364
2005,Sweden,SWE,9038.623
2005,United Kingdom,GBR,60286.754
2005,Albania,ALB,3079.179
2005,Andorra,AND,78.867
2005,Bosnia and Herzegovina,BIH,3781.53
2005,Croatia,HRV,4378.057
2005,Gibraltar,GIB,32.085
2005,Greece,GRC,11301.204
2005,Holy See,VAT,0.798
2005,Italy,ITA,58808.483
2005,Malta,MLT,406.787
2005,Montenegro,MNE,616.388
2005,Portugal,PRT,10565.723
2005,San Marino,SMR,29.24
2005,Serbia,SRB,9214.986
2005,Slovenia,SVN,1996.281
2005,Spain,ESP,44042.632
2005,TFYR Macedonia,MKD,2060.272
2005,Austria,AUT,8253.65
2005,Belgium,BEL,10546.886
2005,France,FRA,61233.9
2005,Germany,DEU,81671.234
2005,Liechtenstein,LIE,34.852
2005,Luxembourg,LUX,457.842
2005,Monaco,MCO,33.793
2005,Netherlands,NLD,16367.158
2005,Switzerland,CHE,7410.308
2005,Anguilla,AIA,12.638
2005,Antigua and Barbuda,ATG,89.253
2005,Aruba,ABW,100.031
2005,Bahamas,BHS,329.249
2005,Barbados,BRB,274.009
2005,British Virgin Islands,VGB,23.168
2005,Caribbean Netherlands,BES,14.403
2005,Cayman Islands,CYM,48.622
2005,Cuba,CUB,11284.253
2005,Curacao,CUW,129.394
2005,Dominica,DMA,70.627
2005,Dominican Republic,DOM,9237.566
2005,Grenada,GRD,102.949
2005,Guadeloupe,GLP,439.552
2005,Haiti,HTI,9263.404
2005,Jamaica,JAM,2744.673
2005,Martinique,MTQ,397.047
2005,Montserrat,MSR,4.778
2005,Puerto Rico,PRI,3765.399
2005,Saint Kitts and Nevis,KNA,48.611
2005,Saint Lucia,LCA,163.714
2005,Saint Vincent and the Grenadines,VCT,108.744
2005,Sint Maarten (Dutch part),SXM,32.531
2005,Trinidad and Tobago,TTO,1296.934
2005,Turks and Caicos Islands,TCA,26.448
2005,United States Virgin Islands,VIR,107.793
2005,Belize,BLZ,283.277
2005,Costa Rica,CRI,4247.841
2005,El Salvador,SLV,6028.961
2005,Guatemala,GTM,13096.028
2005,Honduras,HND,7373.43
2005,Mexico,MEX,108472.228
2005,Nicaragua,NIC,5379.328
2005,Panama,PAN,3330.465
2005,Argentina,ARG,39145.488
2005,Plurinational State of Bolivia,BOL,9125.409
2005,Brazil,BRA,186917.361
2005,Chile,CHL,16147.064
2005,Colombia,COL,43285.634
2005,Ecuador,ECU,13735.233
2005,Falkland Islands (Malvinas),FLK,2.939
2005,French Guiana,GUF,203.826
2005,Guyana,GUY,750.946
2005,Paraguay,PRY,5795.494
2005,Peru,PER,27610.41
2005,Suriname,SUR,498.946
2005,Uruguay,URY,3325.612
2005,Bolivarian Republic of Venezuela,VEN,26784.161
2005,Bermuda,BMU,65.13
2005,Canada,CAN,32287.98
2005,Greenland,GRL,56.951
2005,Saint Pierre and Miquelon,SPM,6.261
2005,United States of America,USA,295129.501
2005,Australia,AUS,20238.903
2005,New Zealand,NZL,4135.355
2005,Fiji,FJI,821.817
2005,New Caledonia,NCL,232.686
2005,Papua New Guinea,PNG,6314.709
2005,Solomon Islands,SLB,469.885
2005,Vanuatu,VUT,209.37
2005,Guam,GUM,158.402
2005,Kiribati,KIR,92.325
2005,Marshall Islands,MHL,52.055
2005,Micronesia (Fed. States of),FSM,106.196
2005,Nauru,NRU,10.114
2005,Northern Mariana Islands,MNP,63.744
2005,Palau,PLW,19.906
2005,American Samoa,ASM,59.118
2005,Cook Islands,COK,19.71
2005,French Polynesia,PYF,254.886
2005,Niue,NIU,1.683
2005,Samoa,WSM,179.929
2005,Tokelau,TKL,1.208
2005,Tonga,TON,101.041
2005,Tuvalu,TUV,10.027
2005,Wallis and Futuna Islands,WLF,14.568
2010,Burundi,BDI,8766.93
2010,Comoros,COM,689.692
2010,Djibouti,DJI,851.146
2010,Eritrea,ERI,4390.84
2010,Ethiopia,ETH,87702.67
2010,Kenya,KEN,41350.152
2010,Madagascar,MDG,21151.64
2010,Malawi,MWI,15167.095
2010,Mauritius,MUS,1247.955
2010,Mayotte,MYT,208.718
2010,Mozambique,MOZ,24221.405
2010,Reunion,REU,830.519
2010,Rwanda,RWA,10246.842
2010,Seychelles,SYC,91.405
2010,Somalia,SOM,12053.223
2010,South Sudan,SSD,10067.192
2010,Uganda,UGA,33915.133
2010,United Republic of Tanzania,TZA,46098.591
2010,Zambia,ZMB,13850.033
2010,Zimbabwe,ZWE,14086.317
2010,Angola,AGO,23369.131
2010,Cameroon,CMR,19970.495
2010,Central African Republic,CAF,4448.525
2010,Chad,TCD,11887.202
2010,Congo,COG,4386.693
2010,Democratic Republic of the Congo,COD,64523.263
2010,Equatorial Guinea,GNQ,951.104
2010,Gabon,GAB,1640.21
2010,Sao Tome and Principe,STP,174.776
2010,Algeria,DZA,36117.637
2010,Egypt,EGY,84107.606
2010,Libya,LBY,6169.14
2010,Morocco,MAR,32409.639
2010,Sudan,SDN,34385.963
2010,Tunisia,TUN,10639.931
2010,Western Sahara,ESH,480.274
2010,Botswana,BWA,2014.866
2010,Lesotho,LSO,2040.551
2010,Namibia,NAM,2173.17
2010,South Africa,ZAF,51584.663
2010,Swaziland,SWZ,1202.843
2010,Benin,BEN,9199.259
2010,Burkina Faso,BFA,15605.217
2010,Cabo Verde,CPV,502.384
2010,Cote d'Ivoire,CIV,20401.331
2010,Gambia,GMB,1692.149
2010,Ghana,GHA,24512.104
2010,Guinea,GIN,10794.17
2010,Guinea-Bissau,GNB,1555.88
2010,Liberia,LBR,3948.125
2010,Mali,MLI,15075.085
2010,Mauritania,MRT,3609.543
2010,Niger,NER,16425.578
2010,Nigeria,NGA,158578.261
2010,Saint Helena,SHN,4.177
2010,Senegal,SEN,12916.229
2010,Sierra Leone,SLE,6458.72
2010,Togo,TGO,6502.952
2010,China,CHN,1382857.508
2010,"China, Hong Kong SAR",HKG,7025.221
2010,"China, Macao SAR",MAC,536.969
2010,Dem. People's Republic of Korea,PRK,24591.599
2010,Japan,JPN,128551.873
2010,Mongolia,MNG,2712.65
2010,Republic of Korea,KOR,49552.855
2010,Kazakhstan,KAZ,16398.976
2010,Kyrgyzstan,KGZ,5422.337
2010,Tajikistan,TJK,7641.63
2010,Turkmenistan,TKM,5087.21
2010,Uzbekistan,UZB,28606.294
2010,Afghanistan,AFG,28803.167
2010,Bangladesh,BGD,152149.102
2010,Bhutan,BTN,727.641
2010,India,IND,1230980.691
2010,Islamic Republic of Iran,IRN,74567.511
2010,Maldives,MDV,364.511
2010,Nepal,NPL,27023.137
2010,Pakistan,PAK,170560.182
2010,Sri Lanka,LKA,20198.353
2010,Brunei Darussalam,BRN,388.662
2010,Cambodia,KHM,14308.74
2010,Indonesia,IDN,242524.123
2010,Lao People's Democratic Republic,LAO,6246.274
2010,Malaysia,MYS,28112.289
2010,Myanmar,MMR,50155.896
2010,Philippines,PHL,93726.624
2010,Singapore,SGP,5074.252
2010,Thailand,THA,67208.808
2010,Timor-Leste,TLS,1109.591
2010,Viet Nam,VNM,88472.512
2010,Armenia,ARM,2877.311
2010,Azerbaijan,AZE,9032.457
2010,Bahrain,BHR,1240.862
2010,Cyprus,CYP,1112.607
2010,Georgia,GEO,4231.661
2010,Iraq,IRQ,30762.701
2010,Israel,ISR,7425.959
2010,Jordan,JOR,7182.39
2010,Kuwait,KWT,2998.083
2010,Lebanon,LBN,4337.141
2010,Oman,OMN,3041.46
2010,Qatar,QAT,1779.676
2010,Saudi Arabia,SAU,27425.676
2010,State of Palestine,PSE,4066.829
2010,Syrian Arab Republic,SYR,21018.834
2010,Turkey,TUR,72326.914
2010,United Arab Emirates,ARE,8270.684
2010,Yemen,YEM,23606.779
2010,Belarus,BLR,9473.071
2010,Bulgaria,BGR,7404.59
2010,Czech Republic,CZE,10536.286
2010,Hungary,HUN,9927.84
2010,Poland,POL,38323.402
2010,Republic of Moldova,MDA,4084.481
2010,Romania,ROU,20440.347
2010,Russian Federation,RUS,143153.869
2010,Slovakia,SVK,5404.294
2010,Ukraine,UKR,45792.501
2010,Channel Islands,CHI,159.581
2010,Denmark,DNK,5554.844
2010,Estonia,EST,1332.102
2010,Faeroe Islands,FRO,48.55
2010,Finland,FIN,5365.782
2010,Iceland,ISL,320.328
2010,Ireland,IRL,4626.928
2010,Isle of Man,IMN,80.072
2010,Latvia,LVA,2118.848
2010,Lithuania,LTU,3123.803
2010,Norway,NOR,4885.878
2010,Sweden,SWE,9390.168
2010,United Kingdom,GBR,63306.843
2010,Albania,ALB,2940.525
2010,Andorra,AND,84.449
2010,Bosnia and Herzegovina,BIH,3722.084
2010,Croatia,HRV,4328.153
2010,Gibraltar,GIB,33.189
2010,Greece,GRC,11446.005
2010,Holy See,VAT,0.794
2010,Italy,ITA,59729.807
2010,Malta,MLT,416.11
2010,Montenegro,MNE,624.285
2010,Portugal,PRT,10652.321
2010,San Marino,SMR,31.11
2010,Serbia,SRB,9029.716
2010,Slovenia,SVN,2045.168
2010,Spain,ESP,46788.63
2010,TFYR Macedonia,MKD,2070.739
2010,Austria,AUT,8409.949
2010,Belgium,BEL,10938.739
2010,France,FRA,63026.74
2010,Germany,DEU,80894.785
2010,Liechtenstein,LIE,36.003
2010,Luxembourg,LUX,507.889
2010,Monaco,MCO,37.094
2010,Netherlands,NLD,16682.917
2010,Switzerland,CHE,7831.971
2010,Anguilla,AIA,13.769
2010,Antigua and Barbuda,ATG,94.661
2010,Aruba,ABW,101.669
2010,Bahamas,BHS,360.832
2010,Barbados,BRB,279.569
2010,British Virgin Islands,VGB,27.224
2010,Caribbean Netherlands,BES,20.94
2010,Cayman Islands,CYM,55.507
2010,Cuba,CUB,11333.051
2010,Curacao,CUW,147.608
2010,Dominica,DMA,71.44
2010,Dominican Republic,DOM,9897.985
2010,Grenada,GRD,104.677
2010,Guadeloupe,GLP,450.718
2010,Haiti,HTI,9999.617
2010,Jamaica,JAM,2817.21
2010,Martinique,MTQ,394.91
2010,Montserrat,MSR,4.944
2010,Puerto Rico,PRI,3716.693
2010,Saint Kitts and Nevis,KNA,51.445
2010,Saint Lucia,LCA,172.58
2010,Saint Vincent and the Grenadines,VCT,109.315
2010,Sint Maarten (Dutch part),SXM,33.124
2010,Trinidad and Tobago,TTO,1328.1
2010,Turks and Caicos Islands,TCA,30.994
2010,United States Virgin Islands,VIR,106.149
2010,Belize,BLZ,321.608
2010,Costa Rica,CRI,4545.28
2010,El Salvador,SLV,6164.626
2010,Guatemala,GTM,14630.417
2010,Honduras,HND,8194.778
2010,Mexico,MEX,117318.941
2010,Nicaragua,NIC,5737.723
2010,Panama,PAN,3643.222
2010,Argentina,ARG,41223.889
2010,Plurinational State of Bolivia,BOL,9918.242
2010,Brazil,BRA,196796.269
2010,Chile,CHL,16993.354
2010,Colombia,COL,45918.097
2010,Ecuador,ECU,14934.69
2010,Falkland Islands (Malvinas),FLK,2.852
2010,French Guiana,GUF,234.181
2010,Guyana,GUY,746.556
2010,Paraguay,PRY,6209.877
2010,Peru,PER,29373.646
2010,Suriname,SUR,526.103
2010,Uruguay,URY,3374.415
2010,Bolivarian Republic of Venezuela,VEN,29028.033
2010,Bermuda,BMU,63.956
2010,Canada,CAN,34168.668
2010,Greenland,GRL,56.638
2010,Saint Pierre and Miquelon,SPM,6.274
2010,United States of America,USA,308641.391
2010,Australia,AUS,22120.064
2010,New Zealand,NZL,4370.062
2010,Fiji,FJI,859.95
2010,New Caledonia,NCL,251.037
2010,Papua New Guinea,PNG,7108.239
2010,Solomon Islands,SLB,527.79
2010,Vanuatu,VUT,236.295
2010,Guam,GUM,159.444
2010,Kiribati,KIR,102.652
2010,Marshall Islands,MHL,52.425
2010,Micronesia (Fed. States of),FSM,103.616
2010,Nauru,NRU,10.025
2010,Northern Mariana Islands,MNP,54.424
2010,Palau,PLW,20.47
2010,American Samoa,ASM,55.637
2010,Cook Islands,COK,18.545
2010,French Polynesia,PYF,267.82
2010,Niue,NIU,1.63
2010,Samoa,WSM,186.205
2010,Tokelau,TKL,1.14
2010,Tonga,TON,104.137
2010,Tuvalu,TUV,10.531
2010,Wallis and Futuna Islands,WLF,13.428
2015,Burundi,BDI,10199.27
2015,Comoros,COM,777.424
2015,Djibouti,DJI,927.414
2015,Eritrea,ERI,4846.976
2015,Ethiopia,ETH,99873.033
2015,Kenya,KEN,47236.259
2015,Madagascar,MDG,24234.088
2015,Malawi,MWI,17573.607
2015,Mauritius,MUS,1259.456
2015,Mayotte,MYT,240.02
2015,Mozambique,MOZ,28010.691
2015,Reunion,REU,863.363
2015,Rwanda,RWA,11629.553
2015,Seychelles,SYC,93.742
2015,Somalia,SOM,13908.129
2015,South Sudan,SSD,11882.136
2015,Uganda,UGA,40144.87
2015,United Republic of Tanzania,TZA,53879.957
2015,Zambia,ZMB,16100.587
2015,Zimbabwe,ZWE,15777.451
2015,Angola,AGO,27859.305
2015,Cameroon,CMR,22834.522
2015,Central African Republic,CAF,4546.1
2015,Chad,TCD,14009.413
2015,Congo,COG,4995.648
2015,Democratic Republic of the Congo,COD,76196.619
2015,Equatorial Guinea,GNQ,1175.389
2015,Gabon,GAB,1930.175
2015,Sao Tome and Principe,STP,195.553
2015,Algeria,DZA,39871.528
2015,Egypt,EGY,93778.172
2015,Libya,LBY,6234.955
2015,Morocco,MAR,34803.322
2015,Sudan,SDN,38647.803
2015,Tunisia,TUN,11273.661
2015,Western Sahara,ESH,526.216
2015,Botswana,BWA,2209.197
2015,Lesotho,LSO,2174.645
2015,Namibia,NAM,2425.561
2015,South Africa,ZAF,55291.225
2015,Swaziland,SWZ,1319.011
2015,Benin,BEN,10575.952
2015,Burkina Faso,BFA,18110.624
2015,Cabo Verde,CPV,532.913
2015,Cote d'Ivoire,CIV,23108.472
2015,Gambia,GMB,1977.59
2015,Ghana,GHA,27582.821
2015,Guinea,GIN,12091.533
2015,Guinea-Bissau,GNB,1770.526
2015,Liberia,LBR,4499.621
2015,Mali,MLI,17467.905
2015,Mauritania,MRT,4182.341
2015,Niger,NER,19896.965
2015,Nigeria,NGA,181181.744
2015,Saint Helena,SHN,4.034
2015,Senegal,SEN,14976.994
2015,Sierra Leone,SLE,7237.025
2015,Togo,TGO,7416.802
2015,China,CHN,1420514.308
2015,"China, Hong Kong SAR",HKG,7245.701
2015,"China, Macao SAR",MAC,600.942
2015,Dem. People's Republic of Korea,PRK,25243.917
2015,Japan,JPN,127974.958
2015,Mongolia,MNG,2976.877
2015,Republic of Korea,KOR,50593.662
2015,Kazakhstan,KAZ,17749.648
2015,Kyrgyzstan,KGZ,5865.401
2015,Tajikistan,TJK,8548.651
2015,Turkmenistan,TKM,5565.284
2015,Uzbekistan,UZB,30976.021
2015,Afghanistan,AFG,33736.494
2015,Bangladesh,BGD,161200.886
2015,Bhutan,BTN,787.386
2015,India,IND,1309053.98
2015,Islamic Republic of Iran,IRN,79360.487
2015,Maldives,MDV,418.403
2015,Nepal,NPL,28656.282
2015,Pakistan,PAK,189380.513
2015,Sri Lanka,LKA,20714.04
2015,Brunei Darussalam,BRN,417.542
2015,Cambodia,KHM,15517.635
2015,Indonesia,IDN,258162.113
2015,Lao People's Democratic Republic,LAO,6663.967
2015,Malaysia,MYS,30723.155
2015,Myanmar,MMR,52403.669
2015,Philippines,PHL,101716.359
2015,Singapore,SGP,5535.262
2015,Thailand,THA,68657.6
2015,Timor-Leste,TLS,1240.977
2015,Viet Nam,VNM,93571.567
2015,Armenia,ARM,2916.95
2015,Azerbaijan,AZE,9617.484
2015,Bahrain,BHR,1371.855
2015,Cyprus,CYP,1160.985
2015,Georgia,GEO,3951.524
2015,Iraq,IRQ,36115.649
2015,Israel,ISR,8064.547
2015,Jordan,JOR,9159.302
2015,Kuwait,KWT,3935.794
2015,Lebanon,LBN,5851.479
2015,Oman,OMN,4199.81
2015,Qatar,QAT,2481.539
2015,Saudi Arabia,SAU,31557.144
2015,State of Palestine,PSE,4662.884
2015,Syrian Arab Republic,SYR,18734.987
2015,Turkey,TUR,78271.472
2015,United Arab Emirates,ARE,9154.302
2015,Yemen,YEM,26916.207
2015,Belarus,BLR,9485.772
2015,Bulgaria,BGR,7177.396
2015,Czech Republic,CZE,10603.762
2015,Hungary,HUN,9783.925
2015,Poland,POL,38265.226
2015,Republic of Moldova,MDA,4065.98
2015,Romania,ROU,19876.621
2015,Russian Federation,RUS,143888.004
2015,Slovakia,SVK,5439.318
2015,Ukraine,UKR,44657.704
2015,Channel Islands,CHI,163.758
2015,Denmark,DNK,5688.695
2015,Estonia,EST,1315.321
2015,Faeroe Islands,FRO,48.965
2015,Finland,FIN,5481.966
2015,Iceland,ISL,330.243
2015,Ireland,IRL,4700.107
2015,Isle of Man,IMN,83.167
2015,Latvia,LVA,1992.663
2015,Lithuania,LTU,2931.926
2015,Norway,NOR,5199.836
2015,Sweden,SWE,9763.565
2015,United Kingdom,GBR,65397.08
2015,Albania,ALB,2923.352
2015,Andorra,AND,78.014
2015,Bosnia and Herzegovina,BIH,3535.961
2015,Croatia,HRV,4236.016
2015,Gibraltar,GIB,34.228
2015,Greece,GRC,11217.8
2015,Holy See,VAT,0.803
2015,Italy,ITA,59504.212
2015,Malta,MLT,427.616
2015,Montenegro,MNE,628.178
2015,Portugal,PRT,10418.473
2015,San Marino,SMR,32.96
2015,Serbia,SRB,8851.28
2015,Slovenia,SVN,2074.788
2015,Spain,ESP,46397.664
2015,TFYR Macedonia,MKD,2079.308
2015,Austria,AUT,8678.657
2015,Belgium,BEL,11287.94
2015,France,FRA,64457.201
2015,Germany,DEU,81707.789
2015,Liechtenstein,LIE,37.403
2015,Luxembourg,LUX,566.741
2015,Monaco,MCO,38.307
2015,Netherlands,NLD,16938.499
2015,Switzerland,CHE,8319.769
2015,Anguilla,AIA,14.611
2015,Antigua and Barbuda,ATG,99.923
2015,Aruba,ABW,104.341
2015,Bahamas,BHS,386.838
2015,Barbados,BRB,284.217
2015,British Virgin Islands,VGB,30.113
2015,Caribbean Netherlands,BES,24.57
2015,Cayman Islands,CYM,59.963
2015,Cuba,CUB,11461.432
2015,Curacao,CUW,158.01
2015,Dominica,DMA,73.162
2015,Dominican Republic,DOM,10528.394
2015,Grenada,GRD,106.823
2015,Guadeloupe,GLP,450.418
2015,Haiti,HTI,10711.061
2015,Jamaica,JAM,2871.934
2015,Martinique,MTQ,385.842
2015,Montserrat,MSR,5.124
2015,Puerto Rico,PRI,3673.728
2015,Saint Kitts and Nevis,KNA,54.288
2015,Saint Lucia,LCA,177.206
2015,Saint Vincent and the Grenadines,VCT,109.455
2015,Sint Maarten (Dutch part),SXM,38.75
2015,Trinidad and Tobago,TTO,1360.092
2015,Turks and Caicos Islands,TCA,34.339
2015,United States Virgin Islands,VIR,104.977
2015,Belize,BLZ,359.288
2015,Costa Rica,CRI,4807.852
2015,El Salvador,SLV,6312.478
2015,Guatemala,GTM,16252.429
2015,Honduras,HND,8960.829
2015,Mexico,MEX,125890.949
2015,Nicaragua,NIC,6082.035
2015,Panama,PAN,3969.249
2015,Argentina,ARG,43417.765
2015,Plurinational State of Bolivia,BOL,10724.705
2015,Brazil,BRA,205962.108
2015,Chile,CHL,17762.681
2015,Colombia,COL,48228.697
2015,Ecuador,ECU,16144.368
2015,Falkland Islands (Malvinas),FLK,2.898
2015,French Guiana,GUF,268.691
2015,Guyana,GUY,768.514
2015,Paraguay,PRY,6639.119
2015,Peru,PER,31376.671
2015,Suriname,SUR,553.208
2015,Uruguay,URY,3431.552
2015,Bolivarian Republic of Venezuela,VEN,31155.134
2015,Bermuda,BMU,62.003
2015,Canada,CAN,35949.709
2015,Greenland,GRL,56.377
2015,Saint Pierre and Miquelon,SPM,6.29
2015,United States of America,USA,319929.162
2015,Australia,AUS,23799.556
2015,New Zealand,NZL,4614.532
2015,Fiji,FJI,892.149
2015,New Caledonia,NCL,269.091
2015,Papua New Guinea,PNG,7919.825
2015,Solomon Islands,SLB,587.482
2015,Vanuatu,VUT,264.603
2015,Guam,GUM,161.797
2015,Kiribati,KIR,112.407
2015,Marshall Islands,MHL,52.994
2015,Micronesia (Fed. States of),FSM,104.433
2015,Nauru,NRU,11.26
2015,Northern Mariana Islands,MNP,54.816
2015,Palau,PLW,21.288
2015,American Samoa,ASM,55.537
2015,Cook Islands,COK,17.449
2015,French Polynesia,PYF,277.69
2015,Niue,NIU,1.629
2015,Samoa,WSM,193.759
2015,Tokelau,TKL,1.252
2015,Tonga,TON,106.364
2015,Tuvalu,TUV,11.001
2015,Wallis and Futuna Islands,WLF,12.066
